start_time_ticks,duration_ticks,midi_number,velocity,note_name,frequency_hz,original_mz,original_intensity,retention_time,start_time_seconds,duration_seconds
3120,120,92,20,G#,1661.2187903197803,130.0,21663.0,0.03280481137233461,3.9,0.15
3600,720,94,20,A#,1864.6550460723597,128.0,126180.0,0.036994427064498014,4.5,0.9
4560,720,80,20,G#,830.6093951598903,474.0,25185.0,0.04811372334609076,5.7,0.9
4560,480,76,20,E,659.2551138257398,599.0,21691.0,0.04811372334609076,5.7,0.6
4680,960,62,20,D,293.6647679174076,976.0,68665.0,0.048921394220806505,5.85,1.2
5160,960,62,20,D,293.6647679174076,975.0000000000001,6027626.0,0.053361626588878434,6.45,1.2
5280,960,72,20,C,523.2511306011972,666.0000000000001,874656.0,0.054558580301066625,6.6,1.2
5400,720,76,20,E,659.2551138257398,598.0,130336.0,0.056493381550777044,6.75,0.9
5640,960,78,20,F#,739.9888454232688,527.0,3961982.0,0.05841827283280534,7.05,1.2
6120,960,92,20,G#,1661.2187903197803,140.0,1362269.0,0.06358061355857882,7.65,1.2
6240,960,82,20,A#,932.3275230361797,434.0,267443.0,0.06546403237920241,7.8,1.2
6240,360,94,20,A#,1864.6550460723597,122.0,48512.0,0.06485702308238278,7.8,0.45
6480,960,86,127,D,1174.65907166963,322.00000000000006,852835377.0,0.06781005224242952,8.1,1.2
6600,960,86,22,D,1174.65907166963,324.00000000000006,21338081.0,0.06915267707636444,8.25,1.2
6600,720,82,20,A#,932.3275230361797,408.0,20552.0,0.0683433570256971,8.25,0.9
6720,960,74,20,D,587.3295358348151,627.0,572237.0,0.06960303020650907,8.4,1.2
6720,120,80,20,G#,830.6093951598903,488.0,22291.0,0.06998359759431383,8.4,0.15
6840,480,72,20,C,523.2511306011972,686.0,22471.0,0.07107709130672499,8.55,0.6
7440,960,86,34,D,1174.65907166963,323.0,116367540.0,0.0773465613958266,9.3,1.2
7440,480,78,20,F#,739.9888454232688,514.0,23753.0,0.07763805358119191,9.3,0.6
7440,720,70,20,A#,466.16376151808987,723.0,20085.0,0.07763805358119191,9.3,0.9
7680,480,76,20,E,659.2551138257398,583.0,20642.0,0.07982504100601422,9.6,0.6
7800,960,90,20,F#,1479.9776908465376,209.00000000000006,2767499.0,0.08168777986834601,9.75,1.2
7920,720,74,20,D,587.3295358348151,632.0,21766.0,0.08310552214324768,9.9,0.9
8040,960,82,27,A#,932.3275230361797,431.0,58067288.0,0.0834180686636493,10.05,1.2
8400,960,62,20,D,293.6647679174076,924.0,1822052.0,0.08719595112271575,10.5,1.2
8640,960,74,20,D,587.3295358348151,642.9999999999999,1124370.0,0.08989879919292681,10.8,1.2
8760,960,92,22,G#,1661.2187903197803,159.0,22796580.0,0.09171103426345774,10.95,1.2
9360,720,92,20,G#,1661.2187903197803,162.99999999999997,242726.0,0.09810476346964597,11.7,0.9
9360,960,92,20,G#,1661.2187903197803,144.00000000000003,3298629.0,0.09752093634568022,11.7,1.2
9360,720,74,20,D,587.3295358348151,635.0000000000002,418847.0,0.09721709365530577,11.7,0.9
9360,960,74,20,D,587.3295358348151,653.0000000000001,932641.0,0.09796796276847373,11.7,1.2
9600,960,72,20,C,523.2511306011972,694.9999999999999,157599.0,0.10058774237600643,12.0,1.2
9720,960,84,20,C,1046.5022612023945,377.0,1548254.0,0.1007640612282772,12.15,1.2
9840,960,90,26,F#,1479.9776908465376,221.0,49542651.0,0.10294440380898563,12.3,1.2
9840,960,92,20,G#,1661.2187903197803,165.0,975900.0,0.1025247956338238,12.3,1.2
9840,960,94,20,A#,1864.6550460723597,111.0,40272.0,0.10306540728079133,12.3,1.2
9960,960,94,20,A#,1864.6550460723597,118.00000000000001,5590721.0,0.10432039969738545,12.45,1.2
9960,960,94,20,A#,1864.6550460723597,85.0,71927.0,0.10370931258952232,12.45,1.2
9960,960,70,20,A#,466.16376151808987,711.0,23013.0,0.10333515582285402,12.45,1.2
10080,960,94,20,A#,1864.6550460723597,120.0,620943.0,0.10562497631261553,12.6,1.2
10200,960,78,20,F#,739.9888454232688,537.0000000000001,3833369.0,0.10679151361306542,12.75,1.2
10200,960,92,20,G#,1661.2187903197803,173.99999999999997,4751496.0,0.10636989996047844,12.75,1.2
10320,960,78,20,F#,739.9888454232688,509.00000000000006,777810.0,0.10765885352397893,12.9,1.2
10440,960,76,21,E,659.2551138257398,567.0,14329709.0,0.10917460389399758,13.05,1.2
10920,960,80,20,G#,830.6093951598903,489.0,2883090.0,0.11420923128272702,13.65,1.2
11040,960,90,20,F#,1479.9776908465376,220.0,633630.0,0.11498832346038618,13.8,1.2
11280,960,74,20,D,587.3295358348151,608.9999999999999,814074.0,0.1178284990683575,14.1,1.2
11400,960,74,20,D,587.3295358348151,631.0,787421.0,0.11850967678180141,14.25,1.2
11880,960,78,20,F#,739.9888454232688,533.0,435641.0,0.12344883008684265,14.85,1.2
12120,960,92,20,G#,1661.2187903197803,162.00000000000003,435131.0,0.1257052345060332,15.15,1.2
12240,960,74,22,D,587.3295358348151,624.0,17189230.0,0.1271018463868214,15.3,1.2
12240,720,78,20,F#,739.9888454232688,538.0000000000001,654043.0,0.12741338269077332,15.3,0.9
12240,960,74,20,D,587.3295358348151,625.0,1724937.0,0.12787440022932156,15.3,1.2
12720,960,72,20,C,523.2511306011972,667.0,2039855.0,0.13260791343219852,15.9,1.2
12960,960,82,20,A#,932.3275230361797,432.0,7221297.0,0.13517724622685576,16.2,1.2
12960,960,88,21,E,1318.5102276514797,237.0,8492159.0,0.13458690240274546,16.2,1.2
13320,960,86,20,D,1174.65907166963,328.00000000000006,5586175.0,0.13861754470036106,16.65,1.2
13320,960,92,20,G#,1661.2187903197803,181.0,620799.0,0.13872702371349477,16.65,1.2
13320,960,90,20,F#,1479.9776908465376,203.0,1108328.0,0.1391582404332452,16.65,1.2
13440,960,92,20,G#,1661.2187903197803,166.00000000000003,388470.0,0.14035024592067555,16.8,1.2
13680,960,74,20,D,587.3295358348151,651.0,760822.0,0.14202018751498,17.1,1.2
14040,960,88,22,E,1318.5102276514797,236.0,18225713.0,0.1464033800421457,17.55,1.2
14160,960,90,20,F#,1479.9776908465376,234.00000000000003,800485.0,0.1478959319950006,17.7,1.2
14280,960,74,86,D,587.3295358348151,622.0,530242324.0,0.1487534169114308,17.85,1.2
14280,960,74,32,D,587.3295358348151,623.0,97825746.0,0.14984280608640177,17.85,1.2
14520,480,78,20,F#,739.9888454232688,535.0,109189.0,0.15089113618587452,18.15,0.6
14880,960,88,37,E,1318.5102276514797,235.0,139449701.0,0.1553454994655001,18.6,1.2
15000,960,82,20,A#,932.3275230361797,433.0,1484414.0,0.1557524199565161,18.75,1.2
15000,960,86,20,D,1174.65907166963,338.0,1205738.0,0.15595641121907472,18.75,1.2
15240,720,74,20,D,587.3295358348151,617.0000000000001,155593.0,0.15863560661377987,19.05,0.9
15600,960,74,20,D,587.3295358348151,629.0,1601138.0,0.16281324261590785,19.5,1.2
15600,960,90,20,F#,1479.9776908465376,224.0,3289430.0,0.16243198256638403,19.5,1.2
15720,720,88,20,E,1318.5102276514797,278.0,491920.0,0.16346405590671106,19.65,0.9
15840,960,82,20,A#,932.3275230361797,434.99999999999994,2952429.0,0.16509217202098037,19.8,1.2
15960,960,80,20,G#,830.6093951598903,457.00000000000006,366750.0,0.16663444475378317,19.95,1.2
16080,960,74,20,D,587.3295358348151,615.0,892821.0,0.16757650938009588,20.1,1.2
16200,960,92,29,G#,1661.2187903197803,173.0,79012312.0,0.16842586215263294,20.25,1.2
16200,960,90,20,F#,1479.9776908465376,232.0,526444.0,0.16871822681184584,20.25,1.2
16440,960,86,22,D,1174.65907166963,337.0,21213535.0,0.1708134410312458,20.55,1.2
16680,720,72,20,C,523.2511306011972,697.0,85732.0,0.17473632085053434,20.85,0.9
16920,960,78,20,F#,739.9888454232688,513.0000000000001,255824.0,0.17664905694288668,21.15,1.2
17040,960,62,24,D,293.6647679174076,923.0,32205520.0,0.17812449035204803,21.3,1.2
17160,960,84,21,C,1046.5022612023945,344.0,9837726.0,0.17829960339084425,21.45,1.2
17400,960,84,20,C,1046.5022612023945,375.0,4126236.0,0.18164394687626725,21.75,1.2
17640,960,94,20,A#,1864.6550460723597,129.0,3453227.0,0.18366538273077992,22.05,1.2
17640,720,86,20,D,1174.65907166963,334.00000000000006,93326.0,0.18321759218439884,22.05,0.9
18000,960,90,20,F#,1479.9776908465376,223.00000000000006,6401770.0,0.1877494409600787,22.5,1.2
18480,960,78,20,F#,739.9888454232688,511.0,5325822.0,0.1922612989018655,23.1,1.2
18600,960,84,20,C,1046.5022612023945,360.00000000000006,1070067.0,0.19365343051852246,23.25,1.2
18840,960,78,20,F#,739.9888454232688,517.0,3232534.0,0.19633220912119953,23.55,1.2
18840,960,86,20,D,1174.65907166963,294.00000000000006,4296563.0,0.19675905019959763,23.55,1.2
18960,960,90,21,F#,1479.9776908465376,222.00000000000003,9015687.0,0.19725876736159975,23.7,1.2
19080,960,62,36,D,293.6647679174076,922.0,132518142.0,0.19970492959486252,23.85,1.2
19320,720,76,20,E,659.2551138257398,597.0,85342.0,0.20186811091241302,24.15,0.9
19560,960,84,22,C,1046.5022612023945,359.0,17656318.0,0.20374639986925316,24.45,1.2
19560,960,92,20,G#,1661.2187903197803,146.0,1984715.0,0.20329886714161038,24.45,1.2
19680,960,90,20,F#,1479.9776908465376,189.00000000000003,1152905.0,0.20491876786138988,24.6,1.2
19800,720,88,20,E,1318.5102276514797,238.0,93282.0,0.20571938638734316,24.75,0.9
19920,960,88,21,E,1318.5102276514797,277.0,9469983.0,0.20793660821650017,24.9,1.2
19920,960,90,21,F#,1479.9776908465376,219.0,8489594.0,0.20737018559822412,24.9,1.2
20280,960,90,21,F#,1479.9776908465376,188.0,10933794.0,0.2113702520713702,25.35,1.2
20640,960,86,20,D,1174.65907166963,318.00000000000006,869910.0,0.21468187551989928,25.8,1.2
21000,960,74,28,D,587.3295358348151,644.0,69175765.0,0.2185070125689781,26.25,1.2
21000,960,62,24,D,293.6647679174076,960.0,38235908.0,0.21913806858004603,26.25,1.2
21000,960,62,20,D,293.6647679174076,962.0,41655.0,0.2189575793086471,26.25,1.2
21120,960,86,23,D,1174.65907166963,305.00000000000006,28792382.0,0.2203063154925352,26.4,1.2
21120,960,86,20,D,1174.65907166963,306.0,4921382.0,0.2200227190447455,26.4,1.2
21240,960,84,20,C,1046.5022612023945,381.0,7306595.0,0.22170275648921292,26.55,1.2
21360,960,86,26,D,1174.65907166963,293.0,50306658.0,0.2230062383114878,26.7,1.2
21480,960,62,22,D,293.6647679174076,944.0000000000001,17495891.0,0.22490496974266377,26.85,1.2
21480,960,74,21,D,587.3295358348151,645.0,14503575.0,0.22402760220652485,26.85,1.2
21600,960,86,27,D,1174.65907166963,327.00000000000006,59017407.0,0.22553122466209516,27.0,1.2
21720,960,76,20,E,659.2551138257398,572.0,1875496.0,0.2268090787483739,27.15,1.2
21720,960,72,21,C,523.2511306011972,662.0,15074233.0,0.22644249934127808,27.15,1.2
21960,960,90,20,F#,1479.9776908465376,194.99999999999994,5176211.0,0.2293580421195507,27.45,1.2
22560,960,72,35,C,523.2511306011972,660.0,121461895.0,0.23547214779023973,28.2,1.2
22680,720,72,20,C,523.2511306011972,689.0,82400.0,0.23579821059839584,28.35,0.9
23160,960,62,21,D,293.6647679174076,961.0,8158587.0,0.24120284838319023,28.95,1.2
23400,720,82,20,A#,932.3275230361797,410.0,108880.0,0.2433408914424275,29.25,0.9
23520,960,88,20,E,1318.5102276514797,249.0,7029031.0,0.24527607053307288,29.4,1.2
23520,960,88,21,E,1318.5102276514797,246.0,10492459.0,0.24448844250847065,29.4,1.2
23520,960,92,20,G#,1661.2187903197803,175.00000000000003,2720168.0,0.24496670283329186,29.4,1.2
23520,960,84,20,C,1046.5022612023945,346.0,138195.0,0.24503153808917047,29.4,1.2
23760,960,90,20,F#,1479.9776908465376,210.00000000000003,1509925.0,0.2479714831642533,29.7,1.2
23880,960,82,21,A#,932.3275230361797,409.0,10033895.0,0.2488072429729612,29.85,1.2
23880,720,78,20,F#,739.9888454232688,506.0,453013.0,0.24888144928443795,29.85,0.9
24120,960,72,23,C,523.2511306011972,661.0,24945152.0,0.2507006901504257,30.15,1.2
24240,960,78,20,F#,739.9888454232688,531.0,4726435.0,0.252702193413307,30.3,1.2
24360,960,74,20,D,587.3295358348151,628.0000000000001,167681.0,0.25430500504275433,30.45,1.2
24360,960,90,20,F#,1479.9776908465376,233.00000000000003,7181820.0,0.2540954581267217,30.45,1.2
24360,960,90,21,F#,1479.9776908465376,199.0,9960337.0,0.2537766751483468,30.45,1.2
24480,960,86,22,D,1174.65907166963,295.0,20252396.0,0.25516352366800577,30.6,1.2
24480,960,86,20,D,1174.65907166963,339.0,3948221.0,0.2546957382398659,30.6,1.2
24600,720,80,20,G#,830.6093951598903,452.0,43870.0,0.255961665654888,30.75,0.9
25320,960,80,20,G#,830.6093951598903,494.99999999999983,6724567.0,0.26347192118977714,31.65,1.2
25440,960,92,23,G#,1661.2187903197803,145.0,29509525.0,0.26479694021786754,31.8,1.2
25440,960,90,25,F#,1479.9776908465376,218.0,42384802.0,0.2654370632567984,31.8,1.2
25440,720,74,20,D,587.3295358348151,641.0,47442.0,0.26553130663371205,31.8,0.9
25560,960,86,28,D,1174.65907166963,315.0,66414369.0,0.26607563633053055,31.95,1.2
25560,960,88,21,E,1318.5102276514797,255.00000000000003,8847292.0,0.26661411710219524,31.95,1.2
25800,960,90,72,F#,1479.9776908465376,217.00000000000003,419460366.0,0.26821146437996346,32.25,1.2
25800,960,72,22,C,523.2511306011972,703.0,19492501.0,0.2688079723180803,32.25,1.2
26040,960,74,20,D,587.3295358348151,611.0,770409.0,0.2715843100476745,32.55,1.2
26040,720,76,20,E,659.2551138257398,553.0,400546.0,0.2712995230619008,32.55,0.9
26040,960,86,21,D,1174.65907166963,315.99999999999994,8099464.0,0.2713993220809459,32.55,1.2
26400,960,84,21,C,1046.5022612023945,363.0,12564866.0,0.2751177646391836,33.0,1.2
26520,960,90,20,F#,1479.9776908465376,205.0,2650905.0,0.27639495767937444,33.15,1.2
26640,960,88,22,E,1318.5102276514797,281.0,17230259.0,0.27739406620617346,33.3,1.2
26760,960,84,25,C,1046.5022612023945,351.0,40705130.0,0.27824970925661874,33.45,1.2
26760,960,90,24,F#,1479.9776908465376,227.0,35956349.0,0.27842316530432126,33.45,1.2
26760,960,84,20,C,1046.5022612023945,382.0,396632.0,0.27883705072268916,33.45,1.2
26760,720,82,20,A#,932.3275230361797,438.99999999999994,501086.0,0.2786231727323573,33.45,0.9
27000,480,94,20,A#,1864.6550460723597,90.99999999999999,123092.0,0.2815980080029043,33.75,0.6
27120,960,88,20,E,1318.5102276514797,269.99999999999994,2040566.0,0.2825588806405881,33.9,1.2
27120,960,84,20,C,1046.5022612023945,351.99999999999994,410645.0,0.28228881765374886,33.9,1.2
27600,960,86,25,D,1174.65907166963,301.0,41881076.0,0.2871297814819598,34.5,1.2
27600,960,90,20,F#,1479.9776908465376,183.0,156553.0,0.28804037622489603,34.5,1.2
27720,960,84,25,C,1046.5022612023945,349.0,41696784.0,0.2885376807588982,34.65,1.2
27720,720,74,20,D,587.3295358348151,606.0,265238.0,0.28850024709953287,34.65,0.9
27960,960,88,23,E,1318.5102276514797,243.0,26845006.0,0.2916904922155231,34.95,1.2
28080,960,88,23,E,1318.5102276514797,245.0,30328455.0,0.29252995575391344,35.1,1.2
28560,960,88,20,E,1318.5102276514797,262.0,7793250.0,0.29804619911838937,35.7,1.2
28920,720,72,20,C,523.2511306011972,684.0,196467.0,0.30127737928450304,36.15,0.9
29040,960,66,21,F#,369.9944227116344,839.0,14735610.0,0.3019726185452458,36.3,1.2
29040,960,90,22,F#,1479.9776908465376,201.00000000000003,17233187.0,0.30278457665319986,36.3,1.2
29040,720,74,20,D,587.3295358348151,626.0,42399.0,0.3026420965729627,36.3,0.9
29160,960,84,25,C,1046.5022612023945,393.0,40086827.0,0.30375846657825845,36.45,1.2
29280,960,88,22,E,1318.5102276514797,283.0,19014902.0,0.30438754130344503,36.6,1.2
29400,960,86,21,D,1174.65907166963,311.00000000000006,13706997.0,0.30686917942822917,36.75,1.2
29520,960,88,22,E,1318.5102276514797,251.0,23327478.0,0.30770610515969443,36.9,1.2
29520,960,88,22,E,1318.5102276514797,269.0,18587966.0,0.30783299474627135,36.9,1.2
29640,960,84,20,C,1046.5022612023945,388.0,1725872.0,0.30873459319724084,37.05,1.2
30000,960,82,20,A#,932.3275230361797,423.0,5611531.0,0.312774027719418,37.5,1.2
30120,960,88,26,E,1318.5102276514797,257.0,51347063.0,0.31340017292093353,37.65,1.2
30120,960,90,20,F#,1479.9776908465376,228.0,1796433.0,0.31344284234904546,37.65,1.2
30240,960,88,20,E,1318.5102276514797,252.99999999999997,4269659.0,0.31556735446069073,37.8,1.2
30480,960,62,20,D,293.6647679174076,945.0000000000002,128000.0,0.31758616815883,38.1,1.2
30480,960,90,21,F#,1479.9776908465376,229.0,13818722.0,0.31785974238289644,38.1,1.2
30480,960,90,20,F#,1479.9776908465376,199.99999999999997,726267.0,0.31715799034797465,38.1,1.2
30720,960,86,24,D,1174.65907166963,289.0,35701473.0,0.31980795775414583,38.4,1.2
30840,960,92,20,G#,1661.2187903197803,171.0,1778044.0,0.32117864010334646,38.55,1.2
30960,960,78,20,F#,739.9888454232688,532.0,1792701.0,0.32238689736099246,38.7,1.2
31080,960,72,20,C,523.2511306011972,663.0,2168429.0,0.3240855717269621,38.85,1.2
31440,960,88,26,E,1318.5102276514797,261.0,51536404.0,0.3275074020941677,39.3,1.2
31440,960,86,20,D,1174.65907166963,303.00000000000006,3416271.0,0.3278969820581515,39.3,1.2
31560,960,90,31,F#,1479.9776908465376,215.0,89525694.0,0.3283225641779149,39.45,1.2
31680,960,90,24,F#,1479.9776908465376,213.00000000000003,37832659.0,0.32973004116374816,39.6,1.2
31680,960,72,20,C,523.2511306011972,680.0,2000373.0,0.32986931972178984,39.6,1.2
31680,360,92,20,G#,1661.2187903197803,169.0,44568.0,0.33009992336122423,39.6,0.45
32040,960,84,21,C,1046.5022612023945,369.00000000000006,12313780.0,0.3336680457741876,40.05,1.2
32160,960,86,21,D,1174.65907166963,317.0,12243506.0,0.33443303252760426,40.2,1.2
32760,960,92,20,G#,1661.2187903197803,177.0,244921.0,0.34098189892002284,40.95,1.2
33120,960,88,21,E,1318.5102276514797,279.0,13552618.0,0.3447882256532723,41.4,1.2
33120,960,88,20,E,1318.5102276514797,275.0,5319886.0,0.34552183373710366,41.4,1.2
33120,960,88,20,E,1318.5102276514797,247.0,1460649.0,0.3449045754570342,41.4,1.2
33360,960,86,28,D,1174.65907166963,331.0,64415238.0,0.3470357782657506,41.7,1.2
33480,960,82,20,A#,932.3275230361797,394.0000000000001,1648108.0,0.3497350693427237,41.85,1.2
33840,960,70,22,A#,466.16376151808987,746.0,19303883.0,0.3528895959914402,42.3,1.2
33840,720,72,20,C,523.2511306011972,681.0,538193.0,0.35289410736846183,42.3,0.9
34200,960,86,20,D,1174.65907166963,335.00000000000006,1268270.0,0.3563033934935361,42.75,1.2
34200,960,80,20,G#,830.6093951598903,447.0,2275673.0,0.35680350723022625,42.75,1.2
34320,960,88,24,E,1318.5102276514797,271.00000000000006,36859624.0,0.35790371720843367,42.9,1.2
34320,960,82,20,A#,932.3275230361797,406.0,3462385.0,0.3569253704196587,42.9,1.2
34320,960,88,22,E,1318.5102276514797,239.00000000000003,16776966.0,0.35702528934695,42.9,1.2
34560,960,90,20,F#,1479.9776908465376,204.0,1005338.0,0.3597567491455596,43.2,1.2
34680,960,86,20,D,1174.65907166963,321.0,1682316.0,0.361645109978571,43.35,1.2
34680,960,76,20,E,659.2551138257398,586.0,404963.0,0.3608511415929976,43.35,1.2
34680,960,90,20,F#,1479.9776908465376,206.99999999999997,840326.0,0.3613368328178845,43.35,1.2
34800,960,90,22,F#,1479.9776908465376,185.0,22693825.0,0.3625930107123235,43.5,1.2
34920,960,90,20,F#,1479.9776908465376,225.0,1776703.0,0.3632627240282498,43.65,1.2
35040,960,94,20,A#,1864.6550460723597,89.0,70661.0,0.36522652080271545,43.8,1.2
35280,960,84,23,C,1046.5022612023945,357.00000000000006,28425678.0,0.36737845015191767,44.1,1.2
35280,960,88,20,E,1318.5102276514797,275.99999999999994,1664801.0,0.367880315558752,44.1,1.2
35520,720,86,20,D,1174.65907166963,312.0,1013107.0,0.36945502429238963,44.4,0.9
35520,720,72,20,C,523.2511306011972,685.0,418055.0,0.3694105076766663,44.4,0.9
35640,960,88,34,E,1318.5102276514797,273.0,115948827.0,0.37136411861362195,44.55,1.2
35640,720,74,20,D,587.3295358348151,621.0,74563.0,0.37099719365749007,44.55,0.9
35640,960,92,20,G#,1661.2187903197803,160.0,6368862.0,0.3712866271665688,44.55,1.2
35880,720,92,20,G#,1661.2187903197803,133.0,459282.0,0.37344078809830505,44.85,0.9
36120,720,76,20,E,659.2551138257398,565.0,203327.0,0.375955956265124,45.15,0.9
36120,960,92,20,G#,1661.2187903197803,131.0,116716.0,0.37650946793580486,45.15,1.2
36240,720,76,20,E,659.2551138257398,589.0,75664.0,0.3770706490818202,45.3,0.9
36240,960,92,20,G#,1661.2187903197803,161.00000000000003,858940.0,0.37708051997361225,45.3,1.2
36480,960,88,21,E,1318.5102276514797,258.0,9078025.0,0.3800049510929343,45.6,1.2
36480,960,88,24,E,1318.5102276514797,243.99999999999997,38214373.0,0.3799655459492866,45.6,1.2
36600,960,82,20,A#,932.3275230361797,429.0,2719268.0,0.3818350704908973,45.75,1.2
36840,960,90,20,F#,1479.9776908465376,196.99999999999997,595165.0,0.38415380875146526,46.05,1.2
36960,960,86,20,D,1174.65907166963,297.0,2315051.0,0.38446690252242777,46.2,1.2
36960,960,90,20,F#,1479.9776908465376,187.0,231034.0,0.3851953075500882,46.2,1.2
37200,960,90,20,F#,1479.9776908465376,211.00000000000006,345402.0,0.3871467820877739,46.5,1.2
37320,960,90,20,F#,1479.9776908465376,216.0,2571652.0,0.38876865595919397,46.65,1.2
37560,960,86,20,D,1174.65907166963,333.0,2490419.0,0.39163479621762803,46.95,1.2
37560,960,74,20,D,587.3295358348151,610.0,3775990.0,0.3917482471196518,46.95,1.2
37920,960,72,20,C,523.2511306011972,664.0000000000001,453605.0,0.3944201988578118,47.4,1.2
38040,960,78,20,F#,739.9888454232688,515.0,3906539.0,0.3959783704993862,47.55,1.2
38040,960,90,20,F#,1479.9776908465376,231.0,7541105.0,0.3960701483037883,47.55,1.2
38040,960,84,20,C,1046.5022612023945,345.0,4062199.0,0.39634282423769995,47.55,1.2
38040,960,86,20,D,1174.65907166963,340.00000000000006,527148.0,0.3964022657084841,47.55,1.2
38040,720,80,20,G#,830.6093951598903,485.0,75761.0,0.3956775338555134,47.55,0.9
38040,960,88,20,E,1318.5102276514797,240.0,1303436.0,0.3956940681279043,47.55,1.2
38040,960,80,20,G#,830.6093951598903,466.0,1848055.0,0.3968022633415461,47.55,1.2
38280,960,84,20,C,1046.5022612023945,365.0,5238586.0,0.39836024176305085,47.85,1.2
38280,960,74,20,D,587.3295358348151,608.0,406956.0,0.39913193060915625,47.85,1.2
38280,960,88,20,E,1318.5102276514797,267.00000000000006,3884960.0,0.3996344153930464,47.85,1.2
38400,960,76,20,E,659.2551138257398,561.0,643353.0,0.4003984134728634,48.0,1.2
38520,960,88,32,E,1318.5102276514797,241.0,102898788.0,0.4017045439963555,48.15,1.2
38520,960,72,20,C,523.2511306011972,673.0,639561.0,0.4012844542168781,48.15,1.2
38760,960,86,21,D,1174.65907166963,325.0,11033385.0,0.40357854688395334,48.45,1.2
38760,960,88,20,E,1318.5102276514797,251.99999999999994,328210.0,0.40421884806879205,48.45,1.2
38760,960,80,20,G#,830.6093951598903,465.0,6411637.0,0.4033440408002573,48.45,1.2
39000,960,80,20,G#,830.6093951598903,464.00000000000006,1874122.0,0.4062088541973447,48.75,1.2
39240,960,86,21,D,1174.65907166963,313.0,14188667.0,0.4082935242240757,49.05,1.2
39240,960,74,20,D,587.3295358348151,613.0000000000001,933046.0,0.40885090203750113,49.05,1.2
39240,960,84,21,C,1046.5022612023945,343.00000000000006,10304720.0,0.4092935003119657,49.05,1.2
39360,960,84,20,C,1046.5022612023945,355.0,4668097.0,0.40995030289950485,49.2,1.2
39360,960,78,20,F#,739.9888454232688,536.0000000000001,733313.0,0.40954957180679386,49.2,1.2
39360,720,66,20,F#,369.9944227116344,852.0,63913.0,0.4099440483769297,49.2,0.9
39480,960,82,21,A#,932.3275230361797,427.0,14723755.0,0.41066018085721856,49.35,1.2
39480,960,88,21,E,1318.5102276514797,263.0,8797333.0,0.41187761335807793,49.35,1.2
39600,960,80,20,G#,830.6093951598903,463.00000000000006,6537120.0,0.4124811107739749,49.5,1.2
39720,960,84,28,C,1046.5022612023945,353.00000000000006,69461911.0,0.4138485547154472,49.65,1.2
39720,960,78,20,F#,739.9888454232688,500.9999999999999,955280.0,0.414349086443741,49.65,1.2
39840,720,80,20,G#,830.6093951598903,448.0,400083.0,0.4149324731356625,49.8,0.9
39960,960,80,20,G#,830.6093951598903,471.00000000000006,2130370.0,0.41626792213325087,49.95,1.2
40080,960,88,28,E,1318.5102276514797,259.0,63842129.0,0.41799878463924417,50.1,1.2
40200,960,88,28,E,1318.5102276514797,285.0,66719156.0,0.41826474868700614,50.25,1.2
40200,960,90,20,F#,1479.9776908465376,194.0,947691.0,0.4191456698490549,50.25,1.2
40320,960,88,21,E,1318.5102276514797,260.0,13918815.0,0.4195192931895799,50.4,1.2
40560,960,90,20,F#,1479.9776908465376,212.0,20558.0,0.4220885729907053,50.7,1.2
41040,960,86,21,D,1174.65907166963,288.0,8943231.0,0.42716224035137396,51.3,1.2
41040,960,80,20,G#,830.6093951598903,467.00000000000017,573276.0,0.4277196471157027,51.3,1.2
41160,960,84,21,C,1046.5022612023945,371.0,14657469.0,0.42924353968855133,51.45,1.2
41400,960,80,20,G#,830.6093951598903,450.99999999999994,1516420.0,0.4310008842226594,51.75,1.2
41400,960,88,20,E,1318.5102276514797,263.99999999999994,925595.0,0.4311098019018109,51.75,1.2
41520,960,88,21,E,1318.5102276514797,241.99999999999997,14463167.0,0.43304907396822656,51.9,1.2
41880,960,94,20,A#,1864.6550460723597,117.0,126358.0,0.4366152775622347,52.35,1.2
42000,960,86,20,D,1174.65907166963,290.00000000000006,1618685.0,0.4377936276237351,52.5,1.2
42480,960,84,21,C,1046.5022612023945,373.0,10530743.0,0.4427164353158165,53.1,1.2
42480,960,80,20,G#,830.6093951598903,471.99999999999994,437952.0,0.44309087211596626,53.1,1.2
42720,960,80,20,G#,830.6093951598903,449.0000000000001,880169.0,0.44534249042625557,53.4,1.2
42720,960,88,20,E,1318.5102276514797,272.0,2069643.0,0.4450650130969635,53.4,1.2
42840,960,86,20,D,1174.65907166963,314.0,1897681.0,0.44649056022363426,53.55,1.2
42960,960,84,20,C,1046.5022612023945,367.00000000000006,4323902.0,0.44716661491349297,53.7,1.2
42960,960,86,20,D,1174.65907166963,308.0,1464333.0,0.4476610904758558,53.7,1.2
42960,960,86,20,D,1174.65907166963,302.0,1574072.0,0.4479704265773386,53.7,1.2
43080,960,78,20,F#,739.9888454232688,504.99999999999994,559306.0,0.44831895835950425,53.85,1.2
43320,960,84,20,C,1046.5022612023945,350.0,1585162.0,0.45105218970849725,54.15,1.2
43320,960,80,20,G#,830.6093951598903,475.0,1214049.0,0.4511930158857088,54.15,1.2
43440,960,82,20,A#,932.3275230361797,437.0,7007591.0,0.45294887170937026,54.3,1.2
43440,720,78,20,F#,739.9888454232688,547.9999999999999,508337.0,0.45252983196131924,54.3,0.9
43440,960,70,20,A#,466.16376151808987,739.0,211509.0,0.45297954676541896,54.3,1.2
43440,960,86,20,D,1174.65907166963,296.0,20588.0,0.45215965008201203,54.3,1.2
43560,960,80,20,G#,830.6093951598903,493.00000000000006,2995478.0,0.4538608279563496,54.45,1.2
43560,960,86,20,D,1174.65907166963,332.0,4712459.0,0.45431161477390414,54.45,1.2
43560,720,70,20,A#,466.16376151808987,715.0,20135.0,0.45325314379442316,54.45,0.9
43680,960,88,21,E,1318.5102276514797,274.0,14514061.0,0.45522612656923334,54.6,1.2
43680,720,76,20,E,659.2551138257398,554.0,20059.0,0.4554401312192455,54.6,0.9
43800,960,92,20,G#,1661.2187903197803,157.0,1271545.0,0.45600750838536047,54.75,1.2
43920,960,82,20,A#,932.3275230361797,422.0,1764121.0,0.4574402924991251,54.9,1.2
43920,960,82,20,A#,932.3275230361797,416.0,484960.0,0.4576780875458787,54.9,1.2
43920,960,90,20,F#,1479.9776908465376,201.99999999999997,1194618.0,0.45794349430478,54.9,1.2
43920,720,76,20,E,659.2551138257398,577.0,46531.0,0.4572933200003445,54.9,0.9
43920,480,92,20,G#,1661.2187903197803,151.0,23279.0,0.4570803717878622,54.9,0.6
44040,960,86,42,D,1174.65907166963,291.0,181086587.0,0.458620548262984,55.05,1.2
44040,960,86,23,D,1174.65907166963,299.0,24320646.0,0.4581906843761674,55.05,1.2
44040,960,82,20,A#,932.3275230361797,418.9999999999999,5394318.0,0.45859497988983233,55.05,1.2
44040,960,86,24,D,1174.65907166963,292.0,32956689.0,0.45915970684808344,55.05,1.2
44160,960,76,20,E,659.2551138257398,555.0,228243.0,0.4601981533177759,55.2,1.2
44160,720,76,20,E,659.2551138257398,582.0000000000001,165451.0,0.460621389693626,55.2,0.9
44280,960,88,21,E,1318.5102276514797,286.00000000000006,11731217.0,0.4617159470958499,55.35,1.2
44280,960,76,20,E,659.2551138257398,581.0,591810.0,0.46154511727692815,55.35,1.2
44520,960,76,20,E,659.2551138257398,579.0,132454.0,0.4636995900484196,55.65,1.2
44640,960,84,20,C,1046.5022612023945,388.9999999999999,6098019.0,0.4646179823822072,55.8,1.2
44640,960,94,20,A#,1864.6550460723597,101.00000000000003,309851.0,0.465019101695997,55.8,1.2
44880,960,86,20,D,1174.65907166963,307.0,3800611.0,0.46735156049487314,56.1,1.2
44880,960,86,20,D,1174.65907166963,300.00000000000006,3908128.0,0.46694906840655154,56.1,1.2
44880,960,90,20,F#,1479.9776908465376,191.00000000000006,224137.0,0.4673181839234451,56.1,1.2
45000,960,84,20,C,1046.5022612023945,347.0,3547460.0,0.4687660580668754,56.25,1.2
45000,960,76,20,E,659.2551138257398,601.0,154127.0,0.46846789769201963,56.25,1.2
45120,720,78,20,F#,739.9888454232688,507.00000000000006,537058.0,0.4704446663560327,56.4,0.9
45120,960,82,20,A#,932.3275230361797,407.0,2657017.0,0.4698515813587474,56.4,1.2
45120,960,76,20,E,659.2551138257398,603.0000000000001,414772.0,0.4698266065897716,56.4,1.2
45240,960,76,20,E,659.2551138257398,575.0,1154377.0,0.47089847326059037,56.55,1.2
45360,720,76,20,E,659.2551138257398,585.0,77920.0,0.47216355421382405,56.7,0.9
45480,720,78,20,F#,739.9888454232688,538.9999999999999,719906.0,0.4740924965270623,56.85,0.9
45960,960,82,20,A#,932.3275230361797,415.0,5002668.0,0.4790334576212616,57.45,1.2
45960,960,88,20,E,1318.5102276514797,265.00000000000006,4554811.0,0.47931779196535923,57.45,1.2
46080,720,76,20,E,659.2551138257398,563.0,44747.0,0.4802189915007604,57.6,0.9
46080,960,76,20,E,659.2551138257398,576.0,291606.0,0.4805839449019205,57.6,1.2
46200,960,82,20,A#,932.3275230361797,444.0,231842.0,0.4811439238829668,57.75,1.2
46200,960,80,20,G#,830.6093951598903,462.0,331224.0,0.48071512991289245,57.75,1.2
46320,720,76,20,E,659.2551138257398,588.0,66231.0,0.4823549341639798,57.9,0.9
46560,960,80,20,G#,830.6093951598903,479.0,1883895.0,0.4845789619606824,58.2,1.2
46680,960,84,20,C,1046.5022612023945,390.0,394339.0,0.48688130527819845,58.35,1.2
46800,960,82,20,A#,932.3275230361797,418.0,2406027.0,0.4872053439706954,58.5,1.2
46800,960,82,20,A#,932.3275230361797,395.0,496312.0,0.48744725017370555,58.5,1.2
47160,480,76,20,E,659.2551138257398,573.0,251440.0,0.4912857414230066,58.95,0.6
47160,960,88,20,E,1318.5102276514797,266.00000000000006,608876.0,0.4916798550487051,58.95,1.2
47280,960,80,20,G#,830.6093951598903,459.0,230965.0,0.4920986196254555,59.1,1.2
47520,960,74,20,D,587.3295358348151,639.0,91401.0,0.4950386226666599,59.4,1.2
47520,960,80,20,G#,830.6093951598903,461.00000000000006,647514.0,0.49469741743630957,59.4,1.2
47640,960,80,20,G#,830.6093951598903,476.99999999999994,4030430.0,0.49641647530544775,59.55,1.2
47880,960,76,20,E,659.2551138257398,574.0,726778.0,0.4998206220322654,59.85,1.2
47880,960,84,20,C,1046.5022612023945,374.0000000000001,581471.0,0.4989635978746872,59.85,1.2
47880,960,72,20,C,523.2511306011972,665.0,21544.0,0.4986331328594861,59.85,1.2
48120,960,78,20,F#,739.9888454232688,526.0000000000001,1220952.0,0.501523494554533,60.15,1.2
48120,960,80,20,G#,830.6093951598903,453.00000000000006,1661370.0,0.5009689885763682,60.15,1.2
48360,720,76,20,E,659.2551138257398,602.0,25345.0,0.5035538545653363,60.45,0.9
48480,960,94,26,A#,1864.6550460723597,113.00000000000001,49012188.0,0.505524339844833,60.6,1.2
48600,960,86,41,D,1174.65907166963,308.9999999999999,174910201.0,0.506598030516835,60.75,1.2
48720,960,82,23,A#,932.3275230361797,411.0,25788392.0,0.5070556558600529,60.9,1.2
48720,960,88,20,E,1318.5102276514797,250.00000000000006,1092897.0,0.5081009859053522,60.9,1.2
48720,960,72,20,C,523.2511306011972,669.0,64895.0,0.5073312059675319,60.9,1.2
48720,720,94,20,A#,1864.6550460723597,69.0,112164.0,0.5079113583759032,60.9,0.9
48840,960,84,20,C,1046.5022612023945,376.00000000000006,356752.0,0.5081470572000888,61.05,1.2
48840,960,84,20,C,1046.5022612023945,355.99999999999994,435994.0,0.5087480061303606,61.05,1.2
48840,960,78,20,F#,739.9888454232688,549.0,42103.0,0.5088912689800653,61.05,1.2
48840,480,74,20,D,587.3295358348151,607.0,73848.0,0.5086841744119509,61.05,0.6
48840,960,74,20,D,587.3295358348151,619.0,65171.0,0.5093391982310674,61.05,1.2
48840,240,92,20,G#,1661.2187903197803,153.0,23011.0,0.509021323127392,61.05,0.3
48960,960,84,20,C,1046.5022612023945,391.0,1779173.0,0.5099105872570525,61.2,1.2
48960,960,84,20,C,1046.5022612023945,368.00000000000006,1135667.0,0.5098460066684268,61.2,1.2
48960,960,84,21,C,1046.5022612023945,354.0,9780867.0,0.5105980335417735,61.2,1.2
48960,960,94,20,A#,1864.6550460723597,114.00000000000003,2969654.0,0.5094314641864623,61.2,1.2
48960,960,94,20,A#,1864.6550460723597,115.0,69233.0,0.5098934741147193,61.2,1.2
48960,480,74,20,D,587.3295358348151,647.0,20410.0,0.5101148168398032,61.2,0.6
49080,960,90,20,F#,1479.9776908465376,230.0,3865809.0,0.511349671963632,61.35,1.2
49080,960,90,20,F#,1479.9776908465376,186.0,515519.0,0.5107459971775475,61.35,1.2
49080,120,90,20,F#,1479.9776908465376,193.0,24860.0,0.5112083105522143,61.35,0.15
49080,480,76,20,E,659.2551138257398,578.0,23326.0,0.5117550574084199,61.35,0.6
49200,960,86,23,D,1174.65907166963,309.99999999999994,30517338.0,0.5127489906906204,61.5,1.2
49200,720,92,20,G#,1661.2187903197803,158.0,99703.0,0.5122854023524773,61.5,0.9
49200,120,72,20,C,523.2511306011972,699.0,22353.0,0.512848551120831,61.5,0.15
49320,960,80,20,G#,830.6093951598903,481.0,2382371.0,0.5139055084612827,61.65,1.2
49320,960,82,20,A#,932.3275230361797,421.00000000000006,2524669.0,0.5133330156703827,61.65,1.2
49320,960,84,23,C,1046.5022612023945,348.00000000000006,26466932.0,0.5136354034043901,61.65,1.2
49440,960,82,20,A#,932.3275230361797,443.0000000000001,3161033.0,0.5152320846374975,61.8,1.2
49440,960,88,25,E,1318.5102276514797,287.0,42910179.0,0.5155721798649158,61.8,1.2
49440,960,80,20,G#,830.6093951598903,450.0,443828.0,0.5153708796889696,61.8,1.2
49440,720,74,20,D,587.3295358348151,640.0,21260.0,0.5150355385456533,61.8,0.9
49560,960,84,20,C,1046.5022612023945,358.00000000000006,1892538.0,0.5164848719459436,61.95,1.2
49560,960,86,22,D,1174.65907166963,304.0,20750928.0,0.5166701856829737,61.95,1.2
49560,960,78,20,F#,739.9888454232688,541.0,20894.0,0.5161290322580645,61.95,1.2
49680,960,82,20,A#,932.3275230361797,397.0,4207441.0,0.5170064750922513,62.1,1.2
49800,960,66,20,F#,369.9944227116344,840.0,1158641.0,0.5191067515940199,62.25,1.2
49920,960,84,20,C,1046.5022612023945,387.0,2204415.0,0.5205422965198623,62.4,1.2
49920,960,82,20,A#,932.3275230361797,436.0000000000001,5299535.0,0.5194969083351132,62.4,1.2
49920,960,82,20,A#,932.3275230361797,445.0,1387747.0,0.5200910169479351,62.4,1.2
49920,960,84,20,C,1046.5022612023945,379.0,1502481.0,0.5196330543565616,62.4,1.2
50040,960,80,20,G#,830.6093951598903,476.00000000000006,6419754.0,0.5214163926087995,62.55,1.2
50160,960,86,20,D,1174.65907166963,326.0,1498496.0,0.5226407430356094,62.7,1.2
50160,960,82,20,A#,932.3275230361797,417.0000000000001,2048496.0,0.5229339377890126,62.7,1.2
50280,960,74,20,D,587.3295358348151,633.9999999999999,262782.0,0.5249551109433473,62.85,1.2
50520,960,80,20,G#,830.6093951598903,454.99999999999994,4472539.0,0.5258681892405711,63.15,1.2
50520,960,94,20,A#,1864.6550460723597,99.0,22592.0,0.5259704756697648,63.15,1.2
50640,960,82,21,A#,932.3275230361797,405.0,12191641.0,0.5279333356668493,63.3,1.2
50640,960,84,20,C,1046.5022612023945,364.0000000000001,545215.0,0.5273572942094108,63.3,1.2
50640,960,74,20,D,587.3295358348151,633.0,665984.0,0.5278814535608793,63.3,1.2
50760,960,92,20,G#,1661.2187903197803,143.0,617845.0,0.5290959178421978,63.45,1.2
50760,960,78,20,F#,739.9888454232688,550.0,661625.0,0.5292989383111916,63.45,1.2
50880,960,84,20,C,1046.5022612023945,370.00000000000006,1619204.0,0.5295079569090363,63.6,1.2
51000,960,82,20,A#,932.3275230361797,430.00000000000006,1983067.0,0.530802782325173,63.75,1.2
51120,960,86,20,D,1174.65907166963,335.99999999999994,967623.0,0.5331145898395886,63.9,1.2
51120,720,74,20,D,587.3295358348151,638.0,51344.0,0.5329412531662845,63.9,0.9
51240,960,80,20,G#,830.6093951598903,455.99999999999994,533814.0,0.5334736194892816,64.05,1.2
51240,720,84,20,C,1046.5022612023945,366.00000000000006,523151.0,0.5343516296310454,64.05,0.9
51240,960,76,20,E,659.2551138257398,564.0000000000001,1285356.0,0.5334600427454468,64.05,1.2
51240,720,74,20,D,587.3295358348151,652.0,161381.0,0.5336903389524579,64.05,0.9
51480,960,86,33,D,1174.65907166963,329.00000000000006,104357383.0,0.5360920563899245,64.35,1.2
51480,960,88,20,E,1318.5102276514797,280.0,2374737.0,0.5368539493527543,64.35,1.2
51600,960,84,20,C,1046.5022612023945,392.0,2201375.0,0.538082187374876,64.5,1.2
51840,960,88,20,E,1318.5102276514797,267.9999999999999,3179706.0,0.5402563995021987,64.8,1.2
52080,960,80,20,G#,830.6093951598903,486.99999999999994,1673622.0,0.5428246586560929,65.1,1.2
52200,960,74,20,D,587.3295358348151,614.0,1252557.0,0.5432499460623306,65.25,1.2
52320,960,80,20,G#,830.6093951598903,492.00000000000006,1547865.0,0.5444353395029031,65.4,1.2
52440,960,84,30,C,1046.5022612023945,340.99999999999994,82963011.0,0.5459924669837078,65.55,1.2
52440,960,76,20,E,659.2551138257398,560.0,253787.0,0.5456625594273237,65.55,1.2
52560,960,88,20,E,1318.5102276514797,256.0,1198369.0,0.5476691161804306,65.7,1.2
52680,960,82,20,A#,932.3275230361797,428.0,2963841.0,0.5481755168953345,65.85,1.2
52680,960,84,21,C,1046.5022612023945,342.0,15640473.0,0.5494437261110078,65.85,1.2
52680,960,82,20,A#,932.3275230361797,397.99999999999983,2051587.0,0.5490287315675875,65.85,1.2
52680,960,72,21,C,523.2511306011972,659.0,15941880.0,0.5490796830558629,65.85,1.2
52800,960,94,20,A#,1864.6550460723597,80.00000000000001,359891.0,0.5503820753917323,66.0,1.2
52920,960,86,22,D,1174.65907166963,319.00000000000006,22984237.0,0.5518527674450723,66.15,1.2
52920,480,76,20,E,659.2551138257398,559.0,41711.0,0.5508619747123779,66.15,0.6
53160,960,86,20,D,1174.65907166963,320.0,4464257.0,0.553661497771858,66.45,1.2
53280,960,82,20,A#,932.3275230361797,412.0,4743499.0,0.5548868495524102,66.6,1.2
53280,960,82,20,A#,932.3275230361797,437.99999999999994,546866.0,0.5550482272206134,66.6,1.2
53400,960,76,20,E,659.2551138257398,569.0,1824209.0,0.5566622977016903,66.75,1.2
53400,960,84,21,C,1046.5022612023945,385.0,11304849.0,0.5557315818439681,66.75,1.2
53400,720,80,20,G#,830.6093951598903,473.0000000000001,266200.0,0.5566056077906704,66.75,0.9
53520,960,82,20,A#,932.3275230361797,400.99999999999994,3412219.0,0.5573106255526956,66.9,1.2
53520,960,62,20,D,293.6647679174076,941.0000000000001,547672.0,0.5574353303667106,66.9,1.2
53640,960,88,20,E,1318.5102276514797,282.0,170096.0,0.5582646308270699,67.05,1.2
53880,960,68,20,G#,415.30469757994507,801.0000000000001,2613779.0,0.5616651294937359,67.35,1.2
54000,960,84,20,C,1046.5022612023945,372.0,1726264.0,0.5620120819949659,67.5,1.2
54360,960,78,20,F#,739.9888454232688,512.0,787572.0,0.5661943016860975,67.95,1.2
54360,720,70,20,A#,466.16376151808987,740.0,136936.0,0.5667848434054334,67.95,0.9
54360,960,66,20,F#,369.9944227116344,846.0,41462.0,0.5661865539516986,67.95,1.2
54360,720,66,20,F#,369.9944227116344,865.0,21928.0,0.5664297430289775,67.95,0.9
54480,960,76,20,E,659.2551138257398,568.0,5742857.0,0.5678197887481998,68.1,1.2
54720,720,82,20,A#,932.3275230361797,440.0,140011.0,0.5699331973521927,68.4,0.9
54720,720,74,20,D,587.3295358348151,618.0,60459.0,0.5697256158059878,68.4,0.9
54840,960,76,20,E,659.2551138257398,556.0,181411.0,0.5717602076685072,68.55,1.2
55080,960,66,20,F#,369.9944227116344,862.0,24286.0,0.5735374521596501,68.85,1.2
55320,960,76,20,E,659.2551138257398,592.0000000000001,235668.0,0.5765247216541424,69.15,1.2
55320,960,80,21,G#,830.6093951598903,454.0,11269729.0,0.5763587959258593,69.15,1.2
55440,960,82,20,A#,932.3275230361797,424.00000000000006,3797217.0,0.5772510842543699,69.3,1.2
55440,960,90,20,F#,1479.9776908465376,214.00000000000003,597164.0,0.5771921158203146,69.3,1.2
55440,960,64,20,E,329.6275569128699,872.0,22784.0,0.5773646801530892,69.3,1.2
55560,960,78,20,F#,739.9888454232688,540.0000000000001,518920.0,0.5786373005767921,69.45,1.2
55680,960,66,20,F#,369.9944227116344,864.0,21502.0,0.5795516675779114,69.6,1.2
55680,960,66,20,F#,369.9944227116344,853.0,20412.0,0.580098414434117,69.6,1.2
55920,960,78,20,F#,739.9888454232688,500.0,882597.0,0.5825804336848841,69.9,1.2
56280,960,80,20,G#,830.6093951598903,484.0,46576.0,0.5860003363873649,70.35,1.2
56280,720,66,20,F#,369.9944227116344,845.0000000000001,222485.0,0.5862117832431875,70.35,0.9
56280,960,66,20,F#,369.9944227116344,867.0,20960.0,0.5861126298523783,70.35,1.2
56400,960,84,20,C,1046.5022612023945,380.0,1458449.0,0.587727115250595,70.5,1.2
56520,960,76,20,E,659.2551138257398,558.0,995276.0,0.5888723309779258,70.65,1.2
56520,960,70,20,A#,466.16376151808987,724.0,2027567.0,0.5883002992387829,70.65,1.2
56520,960,64,20,E,329.6275569128699,875.0,322450.0,0.5887993671335197,70.65,1.2
56760,960,66,20,F#,369.9944227116344,851.0000000000001,322281.0,0.5918218399172688,70.95,1.2
56880,960,86,20,D,1174.65907166963,298.0,385130.0,0.5922641757924945,71.1,1.2
57000,960,82,22,A#,932.3275230361797,413.0,19780990.0,0.5941126129455341,71.25,1.2
57000,960,66,20,F#,369.9944227116344,847.0,131629.0,0.5935797832236711,71.25,1.2
57000,960,70,20,A#,466.16376151808987,725.0,255721.0,0.5936779265967592,71.25,1.2
57000,120,64,20,E,329.6275569128699,889.0,19936.0,0.5937670858392564,71.25,0.15
57120,960,70,20,A#,466.16376151808987,727.0,3630311.0,0.5953631431064411,71.4,1.2
57240,960,70,20,A#,466.16376151808987,742.0,21340.0,0.5959540732640787,71.55,1.2
57360,960,80,20,G#,830.6093951598903,470.00000000000006,240597.0,0.5975652104482502,71.7,1.2
57360,960,66,20,F#,369.9944227116344,822.0,6941670.0,0.5972367247839183,71.7,1.2
57360,960,70,21,A#,466.16376151808987,726.0,12916551.0,0.597810090914418,71.7,1.2
57360,960,64,20,E,329.6275569128699,873.0,1595932.0,0.5981072270589143,71.7,1.2
57360,960,66,20,F#,369.9944227116344,861.0000000000001,300792.0,0.5971863167696186,71.7,1.2
57480,960,82,38,A#,932.3275230361797,425.0,144911199.0,0.5986124819699623,71.85,1.2
57480,960,70,20,A#,466.16376151808987,728.0,6380550.0,0.5991776493007713,71.85,1.2
57480,960,70,20,A#,466.16376151808987,750.0,357319.0,0.5989590533183587,71.85,1.2
57480,960,66,20,F#,369.9944227116344,863.0,109854.0,0.599458595489776,71.85,1.2
57480,960,66,20,F#,369.9944227116344,854.9999999999999,207937.0,0.5993281448041735,71.85,1.2
57480,960,72,20,C,523.2511306011972,701.0,69469.0,0.5986470232786156,71.85,1.2
57720,960,78,20,F#,739.9888454232688,543.0,6460753.0,0.6012735537711674,72.15,1.2
57720,960,84,20,C,1046.5022612023945,386.0,2274396.0,0.6008754086909889,72.15,1.2
57840,960,66,21,F#,369.9944227116344,821.0,14302724.0,0.6019993491514205,72.3,1.2
57840,960,80,20,G#,830.6093951598903,491.0,664861.0,0.6022063476257318,72.3,1.2
57960,960,78,20,F#,739.9888454232688,527.9999999999999,1980236.0,0.6036189139943691,72.45,1.2
58080,960,68,20,G#,415.30469757994507,780.0000000000001,2787130.0,0.6049523426801113,72.6,1.2
58080,720,72,20,C,523.2511306011972,687.0,43731.0,0.6047380926777617,72.6,0.9
58200,960,66,20,F#,369.9944227116344,859.0,745661.0,0.6063095787223161,72.75,1.2
58320,960,88,20,E,1318.5102276514797,284.0,6998884.0,0.6077377351703874,72.9,1.2
58320,960,80,20,G#,830.6093951598903,489.99999999999994,2828171.0,0.6071483522365392,72.9,1.2
58320,960,68,21,G#,415.30469757994507,794.0,12937998.0,0.6073957191239754,72.9,1.2
58440,960,70,20,A#,466.16376151808987,752.0,4323265.0,0.6086595112597581,73.05,1.2
58440,960,70,20,A#,466.16376151808987,753.0000000000001,1310565.0,0.6081792084811056,73.05,1.2
58440,960,66,20,F#,369.9944227116344,844.0,67464.0,0.609207206036687,73.05,1.2
58560,960,66,20,F#,369.9944227116344,820.0,7044435.0,0.6095232268976037,73.2,1.2
58560,960,82,21,A#,932.3275230361797,399.0,14393017.0,0.6104293269164027,73.2,1.2
58560,960,84,22,C,1046.5022612023945,384.0,21255128.0,0.6101127987837154,73.2,1.2
58560,960,70,21,A#,466.16376151808987,729.0,10265635.0,0.61013626101287,73.2,1.2
58560,720,64,20,E,329.6275569128699,874.0,179998.0,0.6101357082693057,73.2,0.9
58680,960,78,20,F#,739.9888454232688,534.0,1697243.0,0.6118046761345178,73.35,1.2
58680,960,82,21,A#,932.3275230361797,399.9999999999999,9855393.0,0.6106494339613192,73.35,1.2
58680,960,64,20,E,329.6275569128699,877.0000000000001,460103.0,0.6116428119970242,73.35,1.2
58680,960,66,20,F#,369.9944227116344,842.0,135014.0,0.6111385707055403,73.35,1.2
58800,960,80,20,G#,830.6093951598903,469.0,2208466.0,0.6130012367334438,73.5,1.2
58800,960,84,30,C,1046.5022612023945,383.0,84949170.0,0.6124060596431435,73.5,1.2
58800,960,74,20,D,587.3295358348151,612.0,1076883.0,0.6129545301448239,73.5,1.2
58800,960,66,20,F#,369.9944227116344,834.0,2551117.0,0.6130977046668703,73.5,1.2
58800,960,66,20,F#,369.9944227116344,838.0,2898448.0,0.6119751470651495,73.5,1.2
58800,960,66,20,F#,369.9944227116344,848.9999999999998,155825.0,0.6120988649542282,73.5,1.2
58920,960,70,20,A#,466.16376151808987,712.0,619185.0,0.61338559236713,73.65,1.2
58920,960,82,20,A#,932.3275230361797,402.00000000000006,1514634.0,0.6134262157346815,73.65,1.2
58920,960,66,20,F#,369.9944227116344,818.0,6867989.0,0.6138763638482957,73.65,1.2
58920,960,68,20,G#,415.30469757994507,800.0000000000001,3196942.0,0.6136516881169827,73.65,1.2
58920,960,64,20,E,329.6275569128699,876.0,26533.0,0.6139967195188628,73.65,1.2
59040,960,80,20,G#,830.6093951598903,478.0,4868288.0,0.6148096567067364,73.8,1.2
59040,960,68,26,G#,415.30469757994507,806.0,48693064.0,0.6149018236657247,73.8,1.2
59040,960,68,20,G#,415.30469757994507,801.9999999999999,1765328.0,0.6150067406534016,73.8,1.2
59160,960,72,20,C,523.2511306011972,682.0000000000001,1569512.0,0.6162448759360016,73.95,1.2
59160,960,68,20,G#,415.30469757994507,764.9999999999998,5370451.0,0.6167142076193433,73.95,1.2
59160,960,66,20,F#,369.9944227116344,841.0,1687515.0,0.6156698893454301,73.95,1.2
59280,960,74,20,D,587.3295358348151,605.0,194904.0,0.6181320550637348,74.1,1.2
59280,960,72,20,C,523.2511306011972,671.0,199252.0,0.6176439440643051,74.1,1.2
59280,960,68,30,G#,415.30469757994507,805.0,85184966.0,0.6177837578443878,74.1,1.2
59280,960,68,20,G#,415.30469757994507,779.0,2936833.0,0.617325622246144,74.1,1.2
59280,960,66,20,F#,369.9944227116344,825.0,3066484.0,0.617442059288545,74.1,1.2
59280,960,66,20,F#,369.9944227116344,856.0,78719.0,0.6173121715071106,74.1,1.2
59280,960,66,20,F#,369.9944227116344,824.0,949328.0,0.6178848193242288,74.1,1.2
59280,720,64,20,E,329.6275569128699,869.0,41904.0,0.6171404617516233,74.1,0.9
59400,960,82,20,A#,932.3275230361797,420.0,378701.0,0.6183846004995157,74.25,1.2
59400,960,68,22,G#,415.30469757994507,792.0000000000001,18140424.0,0.6183194181264523,74.25,1.2
59400,960,70,20,A#,466.16376151808987,751.0,69621.0,0.6183643568451601,74.25,1.2
59520,960,70,22,A#,466.16376151808987,754.0,16656922.0,0.6198452068090218,74.4,1.2
59520,480,72,20,C,523.2511306011972,698.0,21695.0,0.6194641880809185,74.4,0.6
59640,960,66,21,F#,369.9944227116344,833.0,11215562.0,0.6207228744307394,74.55,1.2
59640,960,68,20,G#,415.30469757994507,777.0,1527612.0,0.6213127047808766,74.55,1.2
59760,960,66,20,F#,369.9944227116344,830.0,4214783.0,0.6229267379009443,74.7,1.2
59760,960,76,20,E,659.2551138257398,570.0000000000001,819540.0,0.623014342694984,74.7,1.2
59760,960,82,21,A#,932.3275230361797,441.00000000000006,12053310.0,0.622279197119866,74.7,1.2
59760,960,80,20,G#,830.6093951598903,467.99999999999994,6776490.0,0.622880846056625,74.7,1.2
59760,960,68,20,G#,415.30469757994507,766.0,2629459.0,0.6230340536690727,74.7,1.2
59760,960,66,21,F#,369.9944227116344,819.0,11572383.0,0.6224522862644218,74.7,1.2
59760,960,66,20,F#,369.9944227116344,823.0000000000002,5003251.0,0.6231137201305761,74.7,1.2
59880,960,68,24,G#,415.30469757994507,808.0,36475882.0,0.6247706490358695,74.85,1.2
59880,960,66,21,F#,369.9944227116344,817.0,13811742.0,0.6238128800080438,74.85,1.2
59880,960,66,20,F#,369.9944227116344,815.9999999999998,5948859.0,0.6248134473363595,74.85,1.2
59880,960,66,20,F#,369.9944227116344,858.0000000000002,1361798.0,0.6235531760329425,74.85,1.2
59880,960,66,20,F#,369.9944227116344,826.0000000000001,588646.0,0.6245195294093451,74.85,1.2
59880,360,88,20,E,1318.5102276514797,254.0,23113.0,0.6249316566429743,74.85,0.45
60000,960,78,21,F#,739.9888454232688,523.0,12776401.0,0.6254333979653095,75.0,1.2
60000,960,86,21,D,1174.65907166963,330.00000000000006,14751102.0,0.6255596559101871,75.0,1.2
60000,960,84,20,C,1046.5022612023945,377.99999999999994,3048995.0,0.6253866368470788,75.0,1.2
60000,960,70,20,A#,466.16376151808987,741.0,221984.0,0.6253027471802971,75.0,1.2
60120,960,76,20,E,659.2551138257398,552.0000000000001,1797633.0,0.6261434086534563,75.15,1.2
60120,960,66,20,F#,369.9944227116344,857.0,6525591.0,0.6259760716804865,75.15,1.2
60120,360,80,20,G#,830.6093951598903,446.0,22838.0,0.626571897211591,75.15,0.45
60240,960,82,20,A#,932.3275230361797,414.0,1248615.0,0.62711640823894,75.3,1.2
60360,960,72,20,C,523.2511306011972,709.0000000000001,707096.0,0.6290094408615059,75.45,1.2
60360,960,66,20,F#,369.9944227116344,850.0,28235.0,0.6282121377802078,75.45,1.2
60480,960,78,20,F#,739.9888454232688,499.0,2790004.0,0.6299356401329549,75.6,1.2
60480,720,74,20,D,587.3295358348151,650.0,67324.0,0.629622314899097,75.6,0.9
60480,960,66,21,F#,369.9944227116344,829.0,11421876.0,0.6304856715957674,75.6,1.2
60480,960,66,20,F#,369.9944227116344,832.0,7646978.0,0.6302302838276227,75.6,1.2
60480,360,92,20,G#,1661.2187903197803,149.0,25993.0,0.6298523783488245,75.6,0.45
60600,960,70,21,A#,466.16376151808987,731.0,11725781.0,0.6307316799100287,75.75,1.2
60720,960,68,21,G#,415.30469757994507,793.0,15837622.0,0.6324148686909458,75.9,1.2
60840,960,82,20,A#,932.3275230361797,442.00000000000006,3062194.0,0.6342880788290656,76.05,1.2
60840,960,76,20,E,659.2551138257398,587.0,174001.0,0.6340719703699847,76.05,1.2
60840,960,66,20,F#,369.9944227116344,842.9999999999997,563039.0,0.6343771069871736,76.05,1.2
60960,960,72,24,C,523.2511306011972,707.0,32718845.0,0.6345408568851248,76.2,1.2
60960,960,68,24,G#,415.30469757994507,791.0,38893492.0,0.6352454970688468,76.2,1.2
60960,960,66,22,F#,369.9944227116344,831.0,16985433.0,0.6348584886312519,76.2,1.2
60960,960,68,21,G#,415.30469757994507,799.0,10935181.0,0.6348344888855535,76.2,1.2
60960,960,78,20,F#,739.9888454232688,502.0,1680158.0,0.6344980142983518,76.2,1.2
61080,960,84,27,C,1046.5022612023945,361.00000000000006,59173021.0,0.6367255792310672,76.35,1.2
61080,960,68,20,G#,415.30469757994507,803.9999999999998,4909632.0,0.6364164322574957,76.35,1.2
61080,960,78,20,F#,739.9888454232688,502.9999999999999,316636.0,0.6367335431382329,76.35,1.2
61200,960,78,22,F#,739.9888454232688,521.0,20378684.0,0.6371891880255668,76.5,1.2
61200,960,84,21,C,1046.5022612023945,362.0000000000001,14081851.0,0.6375543770442881,76.5,1.2
61200,960,72,22,C,523.2511306011972,706.0,19512559.0,0.6375656683225845,76.5,1.2
61200,960,68,22,G#,415.30469757994507,815.0,16631394.0,0.6371125487865767,76.5,1.2
61200,960,68,20,G#,415.30469757994507,778.0,1105320.0,0.6377286048564725,76.5,1.2
61200,960,68,20,G#,415.30469757994507,775.9999999999999,1432746.0,0.6371585734561217,76.5,1.2
61200,960,72,20,C,523.2511306011972,679.0,42077.0,0.6375654630833604,76.5,1.2
61320,960,72,21,C,523.2511306011972,708.0,13852792.0,0.6391379559786439,76.65,1.2
61320,960,70,23,A#,466.16376151808987,730.0,25334993.0,0.639218626920125,76.65,1.2
61320,960,66,21,F#,369.9944227116344,837.0,13311842.0,0.639349499816046,76.65,1.2
61560,960,76,20,E,659.2551138257398,604.0000000000002,458747.0,0.640872287938936,76.95,1.2
61560,960,70,23,A#,466.16376151808987,755.0,27810776.0,0.6410732530330625,76.95,1.2
61560,960,70,21,A#,466.16376151808987,756.0,13529835.0,0.6417918246250175,76.95,1.2
61680,960,78,20,F#,739.9888454232688,504.0000000000001,1764044.0,0.6423958309477035,77.1,1.2
61800,960,80,20,G#,830.6093951598903,494.0,7122454.0,0.6440337319692236,77.25,1.2
61800,960,76,20,E,659.2551138257398,590.0,1247432.0,0.6441646157450339,77.25,1.2
61800,480,76,20,E,659.2551138257398,584.0,20918.0,0.643521049753964,77.25,0.6
61920,960,70,21,A#,466.16376151808987,757.0,12556355.0,0.6455916746579959,77.4,1.2
62040,960,76,20,E,659.2551138257398,566.0,4356006.0,0.6467816718075347,77.55,1.2
62040,960,76,20,E,659.2551138257398,591.0000000000001,263132.0,0.6465697184690453,77.55,1.2
62280,960,78,20,F#,739.9888454232688,516.0,4012468.0,0.6497817746861599,77.85,1.2
62280,960,66,22,F#,369.9944227116344,836.0,18385865.0,0.6492227316274286,77.85,1.2
62280,960,72,20,C,523.2511306011972,678.0,389302.0,0.6496315682445879,77.85,1.2
62640,960,68,23,G#,415.30469757994507,796.0,26238289.0,0.6519562830752558,78.3,1.2
62640,960,68,20,G#,415.30469757994507,803.0,4943798.0,0.6521305499504482,78.3,1.2
62640,960,68,21,G#,415.30469757994507,798.0,15450031.0,0.6520110216602732,78.3,1.2
62760,960,68,57,G#,415.30469757994507,783.0,296125156.0,0.6536543056483199,78.45,1.2
62760,960,68,40,G#,415.30469757994507,784.0,164194181.0,0.6536403000470996,78.45,1.2
62760,960,74,20,D,587.3295358348151,616.0,459263.0,0.6542353002595821,78.45,1.2
63000,960,78,22,F#,739.9888454232688,542.0000000000002,18350537.0,0.6568282027841956,78.75,1.2
63000,960,68,22,G#,415.30469757994507,814.0000000000001,20298300.0,0.6565792933498026,78.75,1.2
63120,960,82,28,A#,932.3275230361797,403.0,67645802.0,0.6580849501053688,78.9,1.2
63240,960,78,27,F#,739.9888454232688,520.0000000000001,58551131.0,0.6581864754541951,79.05,1.2
63360,960,72,20,C,523.2511306011972,671.9999999999999,334055.0,0.660007758435355,79.2,1.2
63480,960,72,23,C,523.2511306011972,705.0,31273208.0,0.6614604125029124,79.35,1.2
63480,960,80,20,G#,830.6093951598903,483.0,2037334.0,0.6607405383820507,79.35,1.2
63480,960,70,20,A#,466.16376151808987,737.0,43030.0,0.6610882562256779,79.35,1.2
63600,960,70,22,A#,466.16376151808987,747.0,19556574.0,0.6625341260565722,79.5,1.2
63600,960,66,24,F#,369.9944227116344,835.0000000000001,35791789.0,0.6629300585831999,79.5,1.2
63720,960,82,24,A#,932.3275230361797,426.00000000000006,34069139.0,0.6640580492712507,79.65,1.2
63840,960,78,22,F#,739.9888454232688,544.0,20857693.0,0.6655276305530766,79.8,1.2
63840,960,82,22,A#,932.3275230361797,404.0000000000001,16753355.0,0.6649946068210878,79.8,1.2
63840,960,70,22,A#,466.16376151808987,744.0,16819757.0,0.6647475539760108,79.8,1.2
63960,960,74,20,D,587.3295358348151,649.0,396852.0,0.6664553714606563,79.95,1.2
63960,960,68,21,G#,415.30469757994507,772.0,8624519.0,0.6665435743959577,79.95,1.2
64080,960,72,20,C,523.2511306011972,670.0,217234.0,0.6669188674569534,80.1,1.2
64080,720,66,20,F#,369.9944227116344,860.0,23824.0,0.6670311645708037,80.1,0.9
64200,960,68,28,G#,415.30469757994507,807.0,68167578.0,0.6682291084649469,80.25,1.2
64200,960,68,28,G#,415.30469757994507,810.0,66034261.0,0.6687743275968989,80.25,1.2
64320,960,68,35,G#,415.30469757994507,809.0,121030395.0,0.6705959046371737,80.4,1.2
64320,960,70,31,A#,466.16376151808987,733.0,89032911.0,0.670287945562515,80.4,1.2
64320,960,70,28,A#,466.16376151808987,732.0,67915583.0,0.6694684934985435,80.4,1.2
64320,960,74,20,D,587.3295358348151,647.9999999999999,1937097.0,0.6698669886238681,80.4,1.2
64320,720,92,20,G#,1661.2187903197803,139.0,28544.0,0.6697648988518315,80.4,0.9
64440,960,68,22,G#,415.30469757994507,771.0,23356134.0,0.6710841949346605,80.55,1.2
64440,960,70,24,A#,466.16376151808987,734.0,38768753.0,0.6710687028768302,80.55,1.2
64440,960,76,20,E,659.2551138257398,571.0,69792.0,0.6713672622848202,80.55,1.2
64560,960,70,24,A#,466.16376151808987,743.0000000000001,37781843.0,0.6728161047752748,80.7,1.2
64560,960,66,21,F#,369.9944227116344,828.0,12830339.0,0.6721162426044915,80.7,1.2
64560,960,66,23,F#,369.9944227116344,827.0,25166781.0,0.6720044193153248,80.7,1.2
64560,960,76,20,E,659.2551138257398,600.0,50148.0,0.6723704177896956,80.7,1.2
64680,960,70,22,A#,466.16376151808987,745.0,19542982.0,0.6737115496120704,80.85,1.2
64680,960,78,20,F#,739.9888454232688,545.0,6381674.0,0.6744958595494743,80.85,1.2
64680,960,68,21,G#,415.30469757994507,768.0,10538292.0,0.6744122307348912,80.85,1.2
64920,960,78,24,F#,739.9888454232688,522.0000000000001,38747407.0,0.6758378162775354,81.15,1.2
65040,960,68,24,G#,415.30469757994507,795.0,38987798.0,0.6773686501997918,81.3,1.2
65280,960,68,23,G#,415.30469757994507,797.0,29407554.0,0.6799910342254889,81.6,1.2
65280,960,68,21,G#,415.30469757994507,774.0,10605476.0,0.6797606462729477,81.6,1.2
65400,720,72,20,C,523.2511306011972,682.9999999999999,229008.0,0.6817456521630346,81.75,0.9
65520,960,72,20,C,523.2511306011972,692.0,78540.0,0.6826222909264108,81.9,1.2
65760,960,72,28,C,523.2511306011972,704.0,67191991.0,0.6847569123848378,82.2,1.2
65760,960,78,20,F#,739.9888454232688,551.0,3733732.0,0.6845184143814357,82.2,1.2
65760,960,80,21,G#,830.6093951598903,498.0,12824256.0,0.6847799661355101,82.2,1.2
65760,360,76,20,E,659.2551138257398,593.0,25205.0,0.6856205576817933,82.2,0.45
65880,960,78,20,F#,739.9888454232688,546.0000000000001,7300676.0,0.6863687301210037,82.35,1.2
65880,960,68,22,G#,415.30469757994507,767.0,21067108.0,0.6865779833389438,82.35,1.2
66000,960,78,20,F#,739.9888454232688,508.00000000000006,1469607.0,0.6875819956169883,82.5,1.2
66120,960,78,24,F#,739.9888454232688,518.0000000000001,37832995.0,0.689137606458706,82.65,1.2
66120,960,80,21,G#,830.6093951598903,482.00000000000006,8259167.0,0.688584316404613,82.65,1.2
66120,960,68,25,G#,415.30469757994507,813.0,47730243.0,0.6888047964668059,82.65,1.2
66120,960,72,22,C,523.2511306011972,702.0,19988890.0,0.6893550938897022,82.65,1.2
66120,960,70,20,A#,466.16376151808987,722.0,732639.0,0.6888310707378882,82.65,1.2
66240,960,68,25,G#,415.30469757994507,769.0,45760902.0,0.6900938131484375,82.8,1.2
66240,960,68,23,G#,415.30469757994507,773.0,25886408.0,0.6904943968687968,82.8,1.2
66240,960,78,20,F#,739.9888454232688,547.0,1211375.0,0.6901663880839763,82.8,1.2
66360,960,68,20,G#,415.30469757994507,764.0,2344483.0,0.6913191545715914,82.95,1.2
66360,960,70,20,A#,466.16376151808987,736.0000000000002,2817029.0,0.6912085431879866,82.95,1.2
66360,720,72,20,C,523.2511306011972,658.0,154541.0,0.6913207760136582,82.95,0.9
66480,960,70,20,A#,466.16376151808987,748.0,4984703.0,0.6930565888314247,83.1,1.2
66600,960,70,22,A#,466.16376151808987,735.0,20865993.0,0.694361874149362,83.25,1.2
66600,960,68,23,G#,415.30469757994507,770.0,26069102.0,0.6935320483034065,83.25,1.2
66600,960,70,20,A#,466.16376151808987,749.0,341224.0,0.6942909026683818,83.25,1.2
66600,960,72,20,C,523.2511306011972,691.0000000000001,4355199.0,0.6933756696222994,83.25,1.2
66600,720,74,20,D,587.3295358348151,636.0,21591.0,0.6932750136686714,83.25,0.9
66720,960,78,21,F#,739.9888454232688,519.0,11279772.0,0.6946834621843087,83.4,1.2
66840,960,78,20,F#,739.9888454232688,510.0,3836600.0,0.6961071804823542,83.55,1.2
66840,960,68,38,G#,415.30469757994507,788.0,145292561.0,0.6960580066588371,83.55,1.2
66840,960,72,21,C,523.2511306011972,690.0,11725879.0,0.6962763571862023,83.55,1.2
66840,960,76,20,E,659.2551138257398,596.0,234162.0,0.6957335299438409,83.55,1.2
66960,960,78,20,F#,739.9888454232688,525.0,4024720.0,0.6975957349300297,83.7,1.2
66960,960,70,21,A#,466.16376151808987,758.0,12535242.0,0.698079341431441,83.7,1.2
66960,960,70,20,A#,466.16376151808987,719.0,7119394.0,0.6975203899306943,83.7,1.2
67080,960,68,53,G#,415.30469757994507,787.0,266988041.0,0.6983118667353532,83.85,1.2
67080,960,80,26,G#,830.6093951598903,497.0,51753348.0,0.6995087369286084,83.85,1.2
67080,960,80,20,G#,830.6093951598903,480.0,3067673.0,0.6996556428883822,83.85,1.2
67080,960,80,42,G#,830.6093951598903,495.9999999999999,179199888.0,0.6993745173264783,83.85,1.2
67080,960,68,24,G#,415.30469757994507,782.0,38440901.0,0.6985690848895114,83.85,1.2
67080,960,62,20,D,293.6647679174076,991.9999999999997,2115816.0,0.6991970471994149,83.85,1.2
67080,960,62,20,D,293.6647679174076,992.9999999999999,1075912.0,0.698863660594135,83.85,1.2
67080,960,62,20,D,293.6647679174076,994.0,151835.0,0.6987510884479124,83.85,1.2
67080,120,64,20,E,329.6275569128699,908.0,20873.0,0.6987424822307272,83.85,0.15
67320,960,68,20,G#,415.30469757994507,775.0,7714528.0,0.7010296739684488,84.15,1.2
67440,960,68,28,G#,415.30469757994507,789.0,68659363.0,0.7023113046795724,84.3,1.2
67440,960,72,20,C,523.2511306011972,675.0,429415.0,0.7026032167161796,84.3,1.2
67440,960,70,20,A#,466.16376151808987,721.0000000000002,2908033.0,0.7027650242974129,84.3,1.2
67680,960,68,22,G#,415.30469757994507,790.0,22664960.0,0.7047383174177362,84.6,1.2
67680,960,76,20,E,659.2551138257398,580.0,618060.0,0.7052812158299802,84.6,1.2
68040,960,76,20,E,659.2551138257398,595.0,830416.0,0.7091900451398779,85.05,1.2
68160,960,70,20,A#,466.16376151808987,718.0,7203487.0,0.7097283011732167,85.2,1.2
68160,960,72,20,C,523.2511306011972,667.9999999999999,431829.0,0.7104182559070166,85.2,1.2
68280,960,78,22,F#,739.9888454232688,528.9999999999999,16990776.0,0.7114640839505757,85.35,1.2
68280,960,72,20,C,523.2511306011972,677.0,45017.0,0.7115015039637598,85.35,1.2
68520,960,78,20,F#,739.9888454232688,530.0000000000001,5433213.0,0.7135449774300449,85.65,1.2
68640,960,68,38,G#,415.30469757994507,785.0,151415494.0,0.7150604103958766,85.8,1.2
68760,960,68,27,G#,415.30469757994507,780.9999999999999,63247690.0,0.716687613205764,85.95,1.2
68760,960,74,20,D,587.3295358348151,646.0000000000001,114658.0,0.7157296778788476,85.95,1.2
68880,960,70,20,A#,466.16376151808987,719.9999999999999,1248357.0,0.7174278878171683,86.1,1.2
69000,960,68,27,G#,415.30469757994507,811.0,63069559.0,0.7189417190865648,86.25,1.2
69240,960,72,20,C,523.2511306011972,674.0,2008074.0,0.7217090061222734,86.55,1.2
69480,960,76,20,E,659.2551138257398,593.9999999999999,2677153.0,0.7244059834168061,86.85,1.2
69720,960,78,22,F#,739.9888454232688,523.9999999999998,18220921.0,0.7260187270976993,87.15,1.2
70320,960,68,29,G#,415.30469757994507,786.0,75554783.0,0.7325141978356517,87.9,1.2
70920,960,74,20,D,587.3295358348151,620.0,43003.0,0.7389488777386022,88.65,1.2
71400,960,70,31,A#,466.16376151808987,762.0,89988292.0,0.7441414505584147,89.25,1.2
71400,960,68,23,G#,415.30469757994507,763.0,27742629.0,0.7431943450102843,89.25,1.2
71520,960,70,43,A#,466.16376151808987,761.0,190297660.0,0.7454330542581226,89.4,1.2
71760,960,68,23,G#,415.30469757994507,812.0,30787312.0,0.7479449316630475,89.7,1.2
73320,960,70,58,A#,466.16376151808987,759.0,305978165.0,0.7641873025089844,91.65,1.2
73440,960,70,40,A#,466.16376151808987,760.0,160680737.0,0.7646510645094958,91.8,1.2
73440,960,72,20,C,523.2511306011972,676.0,2367740.0,0.7644470119942786,91.8,1.2
